term,idf_sklearn_default
contact,1.0931759294952232
skip,1.1289601953113726
content,1.1611627478734983
university,1.1640053214788797
student,1.2314504964236477
faculty,1.2347699270946273
philadelphia,1.2593936467789937
school,1.2659235781935878
pa,1.2812129199178925
search,1.3132562142205053
accessibility,1.3203118920743664
rights,1.331599952868722
main,1.3332843723900956
media,1.3343096234183378
resources,1.334375804755225
us,1.3511610490943189
social,1.3882867715730798
home,1.388566208509475
policies,1.3930829438365728
alumni,1.3977964493447244
students,1.4067924370539273
copyright,1.4121790549122506
directory,1.4170195957465
tuportal,1.417055539171553
directions,1.4218836814323295
information,1.4542582331043776
reserved,1.4573220525687485
white,1.457658897828965
program,1.4633650474058197
careers,1.4786151437948807
cherry,1.4937908770145458
programs,1.4955388915214436
maps,1.4989660865261119
tumail,1.4997075933799988
education,1.51386211136739
research,1.5175117504549394
technology,1.535719592550226
news,1.5581482973172645
website,1.564751174237298
linkedin,1.5909229436549772
events,1.5981772840555168
staff,1.6070916189100601
center,1.6122339146360696
international,1.6170076114846723
graduate,1.6205257997303137
link,1.6357071992557568
states,1.6672409342467245
keywords,1.668303216405598
facebook,1.6688116635727142
business,1.683154167871011
united,1.6932893101349804
community,1.7077013944730526
services,1.7112165058329034
admissions,1.721154295160356
time,1.7411820281767794
new,1.7428236154127315
street,1.7763887395338829
apply,1.7867391916131554
instagram,1.8202766624588715
public,1.8225925380058445
professional,1.8405463416224401
law,1.8521971732830402
broad,1.8586606715748002
work,1.859611428057034
menu,1.8714312313372683
undergraduate,1.8751750668974054
life,1.8926027035784934
financial,1.8932390383120241
campus,1.9020737368680307
study,1.9025992996702827
development,1.9089276929924917
college,1.9092216463736023
finance,1.943433463267696
academic,1.948251867881483
email,1.9494141963395073
twitter,1.9503327793368275
history,1.960431387326362
visit,1.9738268089586506
aid,1.9773455056459923
health,1.977786214564889
support,1.9797402635335903
year,1.9879128833828181
legal,1.9907795838648943
department,2.0011682883016846
may,2.016171005158504
also,2.0245161598741124
one,2.0321333518621847
current,2.0493011554845504
scholarship,2.0537074941734295
first,2.0589525591594278
academics,2.062921633007517
request,2.0655993784367137
learning,2.076452144550501
office,2.077773562136809
management,2.0897455607666844
diversity,2.1043609326675776
safety,2.113695386888086
course,2.1201365164486843
mission,2.1271310804844648
studies,2.1312339509186744
board,2.1360911874332498
opportunities,2.138898517882188
experience,2.1426786802607896
dean,2.148786706699356
engagement,2.1538803506711
science,2.158622728485337
name,2.159302050698879
impact,2.174441751795187
career,2.1762832316372873
close,2.1813648563698056
practice,2.192542493509582
youtube,2.2014021696356205
organizations,2.2086737792929605
info,2.2148007131204634
courses,2.215838844577243
edu,2.2341421170814186
leadership,2.252703753800632
degree,2.2621990775162617
class,2.2621990775162617
learn,2.275001408524173
employment,2.291238305997393
get,2.3029373865266143
summer,2.3071302647866503
questions,2.3083565065098943
policy,2.3100231004661036
full,2.312924328928638
professor,2.3186636056423455
scholarships,2.3189292922223084
application,2.3205248957875
make,2.3268436103542762
meet,2.3271114794571774
real,2.330331518017637
use,2.3328431806225627
team,2.3440427196492903
next,2.345587963787152
open,2.347591242548525
honors,2.347591242548525
hall,2.3488681489606225
include,2.3516098797952703
marketing,2.3815210823672333
centers,2.389188307205832
location,2.392424247975673
online,2.402099116295484
subscribe,2.4044119244961357
strategic,2.411188329904126
share,2.4116741205379206
required,2.4185979377538067
arts,2.4220288091287734
global,2.4253729648960825
help,2.427049245917698
including,2.427937827701001
find,2.431698346729345
day,2.4376649515425672
corporate,2.4376649515425672
advising,2.445073134387055
categories,2.4470848027379586
general,2.4635302043291873
transfer,2.4639397047444103
working,2.466605552729435
data,2.467221758972616
areas,2.47412864690141
requirements,2.4787945271066167
part,2.4788984610047513
topics,2.4818130045480684
join,2.4836911353171693
well,2.4885068900178275
intellectual,2.4996931611592594
systems,2.5057605596225287
facilities,2.507042611080184
director,2.5084333574931668
calendar,2.514877370770623
tax,2.520170960618135
non,2.520929480457288
two,2.52800049169784
publications,2.5284372682935583
schools,2.5308429556210714
north,2.5318287709153235
visiting,2.5329252622532525
years,2.53523181498106
culture,2.5407451159681553
certificates,2.5448446175822728
communications,2.5511931380971147
giving,2.5515283898184196
compliance,2.5518637539711353
service,2.5518637539711353
major,2.552311081198456
click,2.557020138000029
world,2.5578071412448766
take,2.559608335022399
people,2.5638992178480113
institutes,2.5661649942789886
please,2.56627841797332
equity,2.566391854534045
explore,2.5667322414437823
departments,2.567981318992204
recent,2.5752797890679213
awards,2.5787193705374003
access,2.579178876576502
funding,2.5795236447233405
podcast,2.5851717491856414
tuition,2.59201513261737
success,2.5990228697747746
options,2.6111685293685336
available,2.6122368421296436
schedule,2.6156869674959466
fox,2.616044557344205
message,2.617715002786927
plan,2.618312267333142
list,2.6204653782127867
built,2.624665300388112
knowledge,2.633846326462498
land,2.6384686434140114
curriculum,2.640177002584836
degrees,2.6422553699813083
housing,2.6447060512715583
teaching,2.645196909055374
inclusion,2.6535785678863073
clinical,2.654445387332571
cost,2.6596621424252085
responsibility,2.662905253662392
members,2.665281888716903
provide,2.6655323897202168
event,2.668417670527587
ai,2.6724458733561915
state,2.6750982272950887
estate,2.6756042361610404
project,2.6788995496626917
based,2.679788607954567
process,2.6822057581677603
abroad,2.6846287651556695
see,2.691547434650323
many,2.6924478141567736
building,2.6924478141567736
archives,2.6925765060043227
need,2.693349005077115
hours,2.6950248030845043
graduation,2.7021459570204733
related,2.702405866053775
master,2.707095817328776
future,2.7094490672054494
training,2.7152248774338394
high,2.7216965370811472
industries,2.7236860595889727
field,2.724350114331484
key,2.7258125888326594
walk,2.7274104586799552
covid,2.7302128892856574
page,2.7343642176445364
since,2.7343642176445364
family,2.7351696949333535
